Model,Selected threshold,Accuracy,Precision,Recall,F1,ROC-AUC
Logistic Regression,0.46999999999999986,0.5703022339027596,0.24479166666666666,0.6367393800229622,0.3536313205381623,0.6301673049408172
